{
  "target": "ttr_h_winsor",
  "n_train": 18689,
  "n_test": 4673,
  "MAE": 174.37562839979904,
  "RMSE": 356.59386081019437,
  "R2": 0.25298849457863437,
  "cv_mae_mean": 175.88532784291527,
  "cv_mae_std": 3.0769290877448707
}