{
  "target": "ttr_h_winsor",
  "n_train": 18689,
  "n_test": 4673,
  "MAE": 181.3883635121352,
  "RMSE": 361.0628177554692,
  "R2": 0.2341475588436599,
  "cv_mae_mean": 181.8142667928048,
  "cv_mae_std": 3.580222685551501
}