{
  "target": "ttr_h_winsor",
  "n_train": 18689,
  "n_test": 4673,
  "MAE": 176.39686384979677,
  "RMSE": 354.4640805459993,
  "R2": 0.26188499812616595,
  "cv_mae_mean": 178.2316404282729,
  "cv_mae_std": 3.0678757461448676
}