priority_level,n,MAE,RMSE,R2
1,270,260.4935606017641,480.3965476446346,-0.07363927454830099
2,408,148.53683443767858,261.44529281154036,0.09931089605534027
3,22684,175.407399894182,354.00963681247424,0.2325936794154757
